status,content
2,K có ảnh nên dùng tạm ảnh này. Tai nghe êm. Lần sau sẽ ủng hộ shop tiếp❤️
2,"Sản phẩm rất xinh đẹp tuyệt vời, tôi không thể trông đợi gì hơn. Cảm ơn nhà cung cấp, nhà sản xuất, cảm ơn người bán hàng, cảm ơn sàn thương mại điện tử, cảm ơn người vận chuyển để tôi có cơ hội dùng sản phẩm tốt như thế này.. . Hàng đóng gói rất đẹp"
0,"Nhận hàng đúng mô tả, tai nghe hơi khó đeo. Đeo thử chưa dc 10 phút nghe tai hơi đau"
2,"Mua hộ nên ko có ảnh shop thông cảm nhưng sản phẩm chất lượng,  đóng gói chắc chắn nghe tốt và ko bị ồn nhé"
2,"Tai nghe nghe ổn, giao hàng nhanh, mua gửi luôn cho người yêu ở xa nên chụp tạm cái trước mình mua của shop. Dùng ổn lắm"
2,Mua hộ cho em nên lấy tạm vid ạ . Giao hàng nhanhhh.
2,Tai nghe rất ổn còn lâu dài thì chưa biết . Nói chung quá oke so với giá tiền
2,OK em làm gì có chuyện gì xảy ra với mục đích gì thì nói thẳng ra thì cũng phải biết cách
2,Kiểu dáng thì đẹp nhưng nói đi phải nói lại có 2 vấn đề. 1 không có hộp . 2 âm nghe thì to đó nhưng ko có Bass nha . nhưng cũng phù hợp giá tiền . tui mua vì thấy nó đẹp chứ kì vọng quá cao. nhưng nếu có hộp nữa tôi vẫn mua😂
2,Bass các thứ oki dây ko dối nên mua nha mng..................
2,Chất lượng sản phẩm tuyệt vời đóng gói sản phẩm đẹp và chắc chắn giao hàng nhanh
2,Quần đẹp. Giao hàng nhanh chóng. Nhận được quà tặng chất luôn. Cảm ơn shop nha. Sẽ quay lại mua tiếp tục.
2,"Tại nghe nghe rất hay , giọng ấm , tai nghe rất bắt tại  và không có vấn đê"
2,Ok ok ok ok ok ok ok ok ok
1,Uki ổn dùng được
0,"Tai nghe em mình kêu nghe chán ý, shop giao hàng cũng lâu nói chung là cũng cảm ơn shop"
2,"sản phẩm oke, hình ảnh mang tính chất nhận xu.............."
2,Tai nghe đẹp đeo êm tai âm thanh sống động rất phù hợp với giá tiền bỏ ra còn được nút tai nghe
2,"Tai nghe chất lượng, giao hàng nhanh, âm lượng rõ to, khá ưng sản phẩm này!"
2,Okkkkkkkkkkkkkkkkk nhé.chấtttttttt lượng
2,"Bền lắm luôn á dùng lâu rồi vẫn chưa hỏng , nên mua luôn cái mới tặng bạn"
2,"Tai nghe ổn, đeo kín tai, âm thanh hay, rõ mà rẻ nữa, đáng đồng tiền lắm nhe mn"
2,gútttttttttttt
2,Bass khủng nhẹ thiết kế gaming độ trễ thấp dây cao su rất chắc nên mua
2,"5 sao cho sự hay ho này, bass đập mạnh mẽ nha, giá rất ok, còn bền bỉ hay không thì thời gian sẽ trả lời, đang nghe đen vâu chillllllllllllllllllllllll"
2,"Tai nghe tốt êm, hình ảnh ko liên quan đến sản phẩm, giá cả hợp lí, sẽ ủng hộ shop nếu có dịp"
2,"Sản phẩm tốt, giao hàng nhanh, video chỉ mang tính chất nhận xu"
2,"Tai nghe ok to rõ giá cũg hợp lí, còn bền hay k thì phải dùg lâu dài mới biết."
2,"Tai nghe chất lượng, âm thanh rất hay, giao hàng nhanh......"
2,"Sản phẩm tốt nha tôi đã dùng rồi,moi người có thể yên tâm mà mua"
2,"Tai nghe khá hay, tốt trong tầm giá, đáng mua lắm nha mọi người"
2,"Đánh giá mang tính chất nhận xu, sản phẩm khá là okelaaaaaaaaaaaaaa"
2,Đóng gói sản phẩm rất đẹp và chắc chắn. Âm thanh sống động. Rất đã tai đối với người nghe
2,"Tai nghe nghe xịn, bền lâu hay ko thì ko biết nhưng thấy khá là oke la lụncucjchc"
2,Tai nghe nghe rất okeee bên người cạch sẽ không nghe thấy gì nghe nhạc hay xem sex nghe rất rõ 5☆
1,Ổn định êm tay
2,"Hình ảnh chỉ mang tính chất nhận xu nhưng mà chất lượng sản phẩm thì rất tuyệt vời nha. Trời ơi tai nghe còn rẻ hơn mình mua ngoài nhưng rất đỉnh, beat bass đã tai luôn còn bền và đẹp xỉu nha"
2,"Sản phẩm đẹp,y hình, chất lượng, đã từng mua của shop 1 lần,nay quay lại mua lần 2. Nên mua nha m.n à mà shop còn tặng thêm nhiều nút tai nghe nữa nha"
1,Danh gia nhan xu. Bên ngoài tam on nhaaaaaaaaaaaaaaaaaaaaaaaaaa
1,"Nghe rất ok.Phần mút nhét hơi to .Shop giao hàng nhanh,hàng  đóng gói cẩn thận."
1,Nói chung ổn tai nghe đôi lúc bị rè vs có tiếng nổ lách tách nhỏ phần chỉnh âm lượng bị xước 1 vết nhưng tổng thể thì hoàn thiện tốt
2,"Hàng ổn, nghe bass khá tốt, đeo hơi đau tai xíu, nói chung ổn so với tầm giá này"
1,"Ổn, có bass, dây chống rối, khó gãy, nhược điểm là đeo vô tai kh vừa kk"
2,Tay nghe sài ổn phù hợp với túi tiền dây ko rối ổn áp phết😁😁😁😁😁😁
1,"Tai nghe sài ok, nhưng dây hơi mỏng. Cách âm tốt. Chi tiết sản phẩm ghi dây dài 1m2 nhưng thấy hơi ngắn."
2,"Sản phẩm tuyệt vời trong tầm giá ,giao hàng khá nhanh và đóng gói cũng rất kĩ"
2,Quà được tặng miễn phí. Chất lượng tốt Giao hàng rất nhanh. Đóng gói sản phẩm chắc chắn
1,"Giao hàng nhanh, chất lượng phải thử mới biết được. Okkkkkkk"
1,Sản phẩm có vẻ ổn đó .nhưng giao hàng thì không . Đợi sương sương nửa tháng chứ mấy . Không hiểu lỗi tại shop hay shiper . Tạm thời bỏ qua vậy
2,"Ngon bổ rẻ, ngon nhất trong tầm giá khuyên mn nên mua. P/s: ảnh để lấy xu thoii ạ, hihi"
2,Sản phẩm tương đối tốt phù hợp với giá tiền âm thanh nghe không lớn
2,"Tai nghe xài tốt, đã mua ở shop nhiều lần, sẽ ủng hộ lâu dài ♡♡♡♡"
2,"Giao hàng nhanh sản phẩm chất lượng,Giá tiền phù hợp với sản phẩm"
2,Phụ kiện đầy đủ gối hàng cẩn hận. Hàng cách âm tốt độ trễ thấp. 5*
2,"Tai nghe chất lượng, nghe tốt, đẹp. Dây chắc chắn. Đóng gói cẩn thận. Đợt trc em mình mua đc tặng 1 bộ nút thôi, h đc 3 bộ, xịn :)). Mọi người nên mua ạ. Nếu có dịp lần sau sẽ mua tiếp ạ!!!"
2,"Giá rẻ mak áo cũng ko đến nỗi mỏng, trời se se lạnh thì vẫn có thể mặc không. Khá dày so với mình nghĩ và bên trong mềm, có vẻ ko gây xót. Đóng gói sp cẩn thận, bọc trong túi zip. Hình ảnh và vd chỉ để nhận xu"
1,"Áo như hình, chất vải tốt, giao hàng tầm 5ngày là tới, phù hợp với giá tiền á mụi người."
1,Chất lượng sản phẩm tốt tuyệt vời màu nhạt hơn so với ảnh đóng gói hàng kĩ càng
1,"Hàng khá đẹp. Chất hơi mỏng,ko tốt lắm. Nói chung cũng đc ạ. Màu ko đẹp như hình"
2,"Giao hàng siêu nhanh, áo siêu đẹp, áo chất lượng hơn giá tiền, gói hàng kĩ lắm"
2,Shop gửiii hàng rất nhanh. Đặc giống nhưng shop giao khác form mà không sao vì cả 2 đều đẹp =))). Và 5 sao cho voucher tặng kèm.
1,"Áo có nhiều chỗ may bị đè, mình m65 55kg mặc hơi bó chút mn để ý nhé!"
2,"Chết dở, shop làm ăn như này thì có mà cháy túi người mua hàng à :(( Mới lấy hàng về, áo đẹp lắm, gía rẻ nhưng không nghĩ nó lại chất như này :(( 5*, vì bạn xứng đáng!!! Sẽ ủng hộ thêm"
2,Hàng rất ok giao hàng nhanh nha . Hình ảnh chỉ mang tc minh hoạ ạ .
2,"Lần đầu mua ở shop cảm thấy shop chu đáo, nhiệt tình. Sp đc gói cẩn thận, giao hàng lại nhanh. Sẽ tiếp tục ủng hộ shop, Giá siêu rẻ mà chất thì quá là đẹp luôn nha, đóng họ dài dài"
0,"Áo mặc thoải mái lắm nhưng mà không hiểu sao lại bị rách một chỗ (như hình) và cổ áo hơi rộng, màu thì cũng oke không đến nỗi. Nói chúng thì khá là oke mong shop rút kinh nghiệm ạ"
0,"Form bé không giống trong hình, chất vải khoonggggggggg đẹp"
1,"Chất áo hơi mỏng và ngắn, nhưng với giá rẻ như này thì cũng ok. Shop giao hàng nhanh đóng gói cẩn thận."
1,Áo đẹp lắm mình rất thích có điều cổ áo hơi rộng một chút nhưng không sao áo vẫn đẹp.Đánh giá 5 sao cho shop ạ
2,áo đẹp...mặc vừa..áo ko quá mỏng...nên mua 😚...video ko liên quan lắm 😁
2,"Áo hơi ngắn . Hình in ko có số ""1919"" . Nhưng với giá này là rất ok luôn nha.nên mua nhà mn. Hình ảnh,vd chỉ mag tính nhận xu..hehe..!!"
2,"Mình đặt 2 chiếc và thấy rất ok. Mình thích áo rộng và che mông như này 🙈 . Hàng chất lượng và rất đáng tiền ạ. Shop giao hàng nhanh, đóng gói đẹp và chắc chắn. . Sẽ ủng hộ shop nhiều nhiều ạ 😽😽😽😽😽😽😽😽😽😽😽😽😽😽😽😽😽😽😽😽😘😘😘😘😘😘😘😘😘😘😘😘😘😘😘😘😘😘😘😘😘😘😘😘😘😘😘😘😘😘😘😘😘😘"
0,Áo mỏng dã man luôn ạ hình in bị lem mực ra ngoài áo rộng nữa chất vải xấu chán!!
2,áo đẹp lắm ạ xl vì hình ảnh chỉ msng tính chất minh hoạ e lười chụp hihi;)))
2,"Giao hàng nhanh, rẻ, chất lượng, nên mua nhe mng. Cho 5 saooooo"
1,"Áo thì siu xưn nma vải hơi mỏng, shop phục vụ cực tốt ln,shipper cx thân thiện lắm ln,nên mua nhe mn♥️♥️"
2,Shop chu đáo quá chời đc nhận cả mã giảm giá cho đơn sau. Hàng đẹp mà shop đóng gói đẹp dã man mãi ủng hộ shop 😚
2,Hình ảnh và vd chỉ mang tính chất nhận xu sản phẩm phù hợp với giá tiền
1,"Hình ảnh chi mang chất nhận xu, áo hơi mỏng, nh bù lại chủ shop rất nhiệt tình"
2,"Đẹp lắm nên mua nka mn:33 ng mình xương to nặng tận 58kg và cao 1m66 mà vấn rộng và vừa lắmmmm , màu ở ngoài đúng ý mình luôn"
2,"Áo xinh, y như hình, phần in không bị lỗi, không bong tróc, form to siêuuuuu đẹp luônnnn. Mặc trùm mông siêu xinhhhh. Đang đặt thêm mấy cái nữa mặc qua mùa đông hihi thas shop 5 sao"
1,Áo chất vải đẹp mà hình áo thì khác một tí trong mẫu . Tạm được thôi m.n
2,"Chất áo đẹp chắc tay , form thụng đẹp  với chất này thì ngon bổ rẻ quá ok, áo giặt máy thoải mái không lo bị dão hay giãn giao hàng nhanh nên mua nhé mn cho shop 5 sao ủng hộ"
2,"Xin lỗi vì hình ảnh không liên quan ạ,mình mua bên shop ba lần thì ưng cả ba,chất lượng lắm nha,vì tình hình dịch bệnh nên giao hàng có hơi lâu một xíu ạ:333 giá rẻ mà rất rất oke luôn. Đóng họ shop dài dài luôn nhaa kkkk"
1,Áo khá mỏng trong còn 1 lớp bông nhẹ mình cao 1m61 còn xíu thì chùm hông hàng rất ok đáng để thử :333
1,"Áo đệp lấm nka💩👍. in4 con nhỏ trong ảnh:Yến Chi . Áo dày dặn nhma lớp nỉ hơi mỏng,chỉ thừa 0 hề có nè . Đẹp lắm form rộng mấy bé lớp 7 đi xuống cân nhắc nha rộng qá xấu chứ 0 thời trang tí nào đâu pp"
2,"Mua hàng của shop mấy lần rồi , hàng luôn đẹp , chất lượng giao đủ , shipper thân thiện hòa đồng , mẫu mã đẹp giá tiền như thế thì khg đòi hỏi gì thêm , giao hàng rất nhanh 2-3 ngày đã nhận đc rồi . rẻ đejp chất lượng ngại gì khog mua kk"
2,"Giao hàng khá nhanh, tầm 2-3 ngày là đến nơi. Áo mẫu mã đẹp, khá dày dặn chất lượng, giá phù hợp với hssv. Ủng hộ shop, cho shop 5 sao nha"
2,Giá gì chất lượng cao Còn chần chờ chi nữa mọi người rồi hãy mua đi nào
1,Quá xinh ưng lắm 9l10 nên mua hơi mỏng thôi mặc rất đẹp tôi rất ưng sp này
2,"Không biết nói gì hơn chất vải và dáng áo lên người quá đẹp, dễ chịu, không quá mỏng cũng khá dày dặn phù hợp với thời tiết này . Với giá tiền này thì phải gọi là quá hời. Phải mua thêm mấy em nữa mới chịu. Cho shop 10000 sao lun vì quá ưng."
1,Áo Màu nhìn màu nhạt mà ngoài hơi đậm Vs mỏng nhưng Cg dc hợp Vs giá tiền
2,"Áo vải dày dặn, màu đẹp đúng mẫu y như hình. Áo đẹp lắm cực kì ưng ý luôn, chị chủ shop tư vấn nhiệt tình dễ thương nữa. Chúc shop ngày càng phát triển nhé"
2,"Áo đẹp cực, vải dày rất ấm, màu như hình do ánh sáng phòng mình nên lúc đậm lúc  nhạt hơi fail xíu hihi nhưng áo đẹp mng yên tâm nha, rất là đáng tiền luôn. Ủng hộ shop dài dàiiiiiiiiiiiiiiiiiiiiiiiiiiiiiiiiiiiiiiiiii"
2,"Sản phẩm rất okee luôn á 😆xịn xò con bò lần sau nhất định sẽ ủng hộ shop tiếp,nhân viên dễ thương cực😘😘😘😘😘😘😘😘😘😘😘😘😘😘😘😘😘😘😘😘😘😘😘 giá rẻ mà chất lượng hok hề ra đâu mng, cứ an tâm sóp ping nha 10 điểm"
2,Hàng oke lắm nha mnn
2,xinkk mún xỉuuu
2,Rất đẹp nhé 😍😍😍
1,Vải mỏng from rộng nhưng với giá tiền này thì ok
2,"Chất lượng sản phẩm tốt,vải đẹp"
2,Chất lượng sản phẩm tuyệt vời 
2,"Màu bên ngoài đẹp phết, giao nhanh, hình ảnh chỉ mang tính chất lấy xu"
2,"Áo xịn xò lắm nheeee, mỗi tội mình nghĩ nó phải dày hơn xíu nữaa ý"
2,Áo đẹp lắm ạ ko thấy chỉ thừa nào lun phối đồ rất dễ
2,Áo ổn đẹp nói chung ok nên mua shipper thân thiện dịch giao hàng nhanh mặc ấm áo đẹp như hình
1,Áo thì chuẩn from có chút sai màu và vải hơi mỏng nhưng giao nhanh vừa giá tiền như v là ok còn đc tặng thêm mã giảm giá quá ưng
2,Hàng đóng gói cần thận giao nhanh và rất phù hợp với giá tiền của mọi người
0,"áo không như í cho lắm , không giống hình chút nào. cổ áo bị dãn khá rộng, áo mỏng, bạn nào dưới m55 thì mặc còn ổn chút"
2,Bình luận mang tính chất nhận xu........................
2,"Áo rất xinh,mềm mại đẹp như hình nói chung là very good rất thik nha giáo hàng nhanh ib với nv rất dễ thương chắc phải ủng hộ nữa quá. . Hình ảnh mang tính chất nhận xu"
1,"Hàng ok lắm luôn hơi mỏng nhưng vs giá tiền z là đc rồi,ko có chỉ thừa,giao hàng nhanh<3 hình ảnh chỉ mang tính chất nhận xu"
2,"Vải đẹp, đóng gói cẩn thận. Màu giống với miêu tả. Còn được hoàn 20k xu nữa"
2,Đẹp toá 
0,áo mặc dù đúng cân nặng nhưng size vẫn nhỏ cực . vải mỏng nữa. ……..
2,"Có nhiều bình luận cả khen cả góp ý nên.  mình chia sẻ chân thật cho bạn nào muốn mua nha, shop đóng gói rất chắc giao hàng nhanh. Vải mỏng và có thể nhìn xuyên thấu nếu ra nắng, áo có size chuẩn. khuyết điểm của cái áo này là mỏng, màu hơi lệch so với ảnh 1 tí nhé"
1,"Giao hàng nhanh, chất vải ổn so với giá, form hơi nhỏ hên là mua to hơn size nên vừa, áo giống hệt hình nha, chất vải hơi xù nhẹ, nóng"
1,"Ship khá lâu, nhưng áo giống hình nên mua nha mọi người,đáng tiền"
2,Chất liệu dày êm mặc vừa người luôn quá ưng ý ông xã rất hài lòng lần sau sẽ ủng hộ thêm nữa nhé
2,"Áo đẹp lắm nha mn( màu ở ngoài đậm và đẹp hơn trong ảnh), cái cột tóc là quà tặng kèm của shop, mình mua áo cho ny, mình chỉ mặc thử thôi nha mn"
1,"Sản phẩm tạm được so với giá màu đẹp, sọc đẹp, bền sẽ ủng hộ tiếp"
1,Hàng ok nhưng mà đặp 3xl mà nhỏ quá cân nhất trước khi mua
0,Áo mỏng hơn mình nghĩ và có nhiều chỉ thừa nữa nhưng cũng tạm ..
2,Vải dệt ko phải vải in chất dày vừa phải khoắc bên ngoài phông trắng siêu đẹp. Còn cũng ko quá nhiều chie thừa. Đáng mua cho một chiếc áo nhue này
2,Mua cho ny mình. Ny bảo ok nên cho shop 5 sao :))) chứ không biết đánh giá như nào!!!
2,Hay thôi em đi ăn tối về anh cho em biết anh em ơi em đi ăn sáng đi ăn
2,"Giao hàng nhanh chóng, đóng gói cẩn thận,chất vải nóng,cái này mặc ở đâu lạnh lạnh thì hợp chứ ko hợp thời tiết Saigon,để dành đi chơi nơi nào lạnh,form áo hơi bé,kiểu ai muốn mặc Oversize thì nên order lên 1-2 size thì sẽ ok"
2,Áo đẹp giá cả phải chăng chúc shop buôn may bán đắt…………………….
1,"Chất lượng sản phẩm rất tốt, shop phục vụ rất tốt, giao hàng nhanh.áo mỏng, tay ngắn"
2,Hình ảnh mang tính chất nhận xu . Gia hàng nhanh sản phẩm chất lượng
2,Sản phẩm ổn so với tầm giá khá hài lòng from áo to như shô miêu tả
2,Áo củng oki có điều màu ko giống hình lắm vải củng oki đóng gói cẩn thận
2,"Mua tặng cho any 😋 lại đc tặng thêm dây cột tóc . Chất vải dày dặn , kh chỉ thừa ... dịch nên ship tận 12-13 ngày .. nhưng kh sao bù lại mọi thứ đều ok"
2,"Áo mỏng nhẹ, đúng ý mình thích , giá tiền hợp lý , giao hàng nhanh"
2,"Áo quá rẻ so với giá tiền. Áo chất đẹp, hơi nóng với form áo hơi nhỏ"
1,"Video k liên quan giao hàng hơi lâu màu cũng đc , size hơi nhỏ ❤️❤️❤️❤️❤️❤️❤️❤️❤️❤️❤️❤️❤️❤️❤️❤️❤️❤️❤️❤️❤️❤️❤️❤️❤️"
2,Đã nhận đc hànng. Đúng như trên giới thiệu.nói chung là  đẹp nha mn👍👍
2,"Hàng giao khoảng 7 ngày là có, không có thời gian coi hàng nên quay tạm gói hàng cho mọi người xem. Hàng ok thì lần sau sẽ ủng hộ shop tiếp nhé!"
0,"Áo quá nhỏ , mặc dù bảo áo size từ 55-60kg , mình có 55kg , chất liệu vải nóng , nhìn thô , ns chung ko nên mua , thất vọng"
0,"Áo hơi chật chắc do mình mập vs lại mình là con gái nhưng mà cũng muốn thử mặc xem ntn, nhưng mà nó không hợp, mà thui mình sẽ cho tư sao nhennnn :33"
2,"Áo giống hình, vãi nhìn có vẻ hơi nóng . Phù hợp vs giá tiền. Hàng quốc tế nhưng giao hàng nhanh . Nên mua"
2,"Đẹp chất liệu được giá rẻ nên cũng ok, dùng mặc mùa đông hay xuân đều đẹp"
2,Áo đẹp vải ok đáng tiền nhưng ai muốn mặc form rộng thì hơn 1 size mình đặt tưởng sẽ rộng nhưng nó chỉ vừa thôi vẫn thích mặc rộng hơn :((((
1,"Size L như vẫn thấy hơi nhỏ, chắc là vừa chứ ko hẵn thoải mái chất đẹp"
2,"Phù hợp với giá tiền, áo đẹp chất này mặc mùa đông, minh mua cho ox from hơi nhỏ ox minh 1m70 45kg mặc vừa y"
2,Áo cũng ok khá hài lòng nè. Lần đầu mua áo từ trung quốc luôn đó ah
2,"Mua cho thằng bạn nên ko biết phải nói gì, tuyệt vời..........."
2,"Hàng oke ạ, đáng giá mang tính chất nhận xuuuuuuuuuuuuuuuuu"
1,"Áo đẹp lắm, có chút chỉ thừa thôi, chất vải hơi nóng, mặc mùa này thì ok sẽ ko bị nóng, mình cao m58, 43kg định đặt size M nhưng thấy ae bảo áo bé nên đặt thử size L coi sao, đúng thật! Vừa in luôn k ngắn cũng ko dài mặc thoải mái lắm, khuyên ae nên tăng 1 size ae"
1,"Giá HSSV , chất lượng vãi thì nực 1 chút nhưng có thể khoác áo ở ngoài. Đóng gói sp rất chắc chắn"
2,"Giao hàng hơi lâu, gói hàng kĩ càng, áo mặc vừa fom ns chung là okiiikkkk"
1,"Hàng oke, áo hơi mỏng nhưng ổn, chất lượng sản phẩm ở mức độ vừa phải"
1,"Áo đẹp, mỏng, hơi nhiều chỉ thừa, mặc vừa, mình m75 70kg"
2,Áo đẹp và chất lượng lắm nha moi người iiiiiiiiiiiiiiiiiiiii
0,"Chất nóng , vs cả cũng mỏng . Ncl ở nước ngoài mà giao hàng nhanh"
2,"Mình m63 nặng 55 kg , chọn XL là thoải mái  nha mọi người . Chất và màu đẹp như hình , mặc hợp tiết thu nha ."
2,Hàng đẹp lắm áo ffom nhỏ bạn nào như mình 74 kí cao 1m 7 thì quất 3 Xl đi nha ổn đó
1,Hình ảnh mang tính chất nhận xu vì mình mua hộ. Chất vải k đc mịn lắm hơi thô giao hàng trong mùa dịch nhưng như vậy là nhanh rồi
2,Chất lượng sản phẩm tuyệt với rất đáng tiền  thời gian giao hàng rất nhanh
2,Giao hàng nhanh đóng gói sản phẩm cẩn thận. Chất lượng sản phẩm ok
2,"Chất lượng sản phẩm tuyệt vời , giao đủ, hàng ổn, đóng gói kĩ đẹp"
1,Hàng rất tốt rất đáng đồng tiền bát gạo mỗi tội hơi ngắn okkkkkkkkkkkkkkkkkkkk
2,mua hộ bạn mà nó k ở nhà. nên k biết áo sao. nhưng giao hàng khá nhanh nha
0,"Hàng đã nhận, sz vừa in nhưng chất mỏng, lại có vẻ k thoáng thấm mồ hôi lắm"
2,Sản phẩm đẹpppp tốtttt giao nhanhhhh đồng hồ đeo lên đẹppppp
2,Rẻ quá đi rất đáng mua 1 lần  mua toàn  mua 10 cái cho mấy  đứa bé  mang luôn
2,"Đồng hồ phù hợp với giá tiền, thích hợp cho maya đứa em mang vì kiểu gì nó cũng phá hỏng :)"
2,"Hình ảnh chỉ mang tính chất nhận xu: shop đóng gói cẩn thận ,giao hàng nhanh,sản phẩm chất lượng giống với hình mà giá rẻ"
1,Đồng hồ dep những mình o biết chỉnh cho đúng giờ đc  hihi những giá vậy là rẻ rồi ạ
0,"Đồng hồ thì tạm. Nhưng đặt xanh dương giao xanh lá thì cho 1 sao nha :). Rồi ib shop thì la hết xanh dương r :))) hết hàng cũng báo 1 tiếng, shop làm vậy thật sự THẤT VỌNG VÔ CÙNG Ạ :)."
2,Chất lượng sản phẩm tuyệt vời . Đóng gói sản phẩm rất đẹp và chắc chắn. Rất đáng tiền. Sr vì vd và ảnh k lquan
2,"siêu xịn luông, rẻ maa ưng waa chừng, lần sau sẽ ủng hộ shop tiếp"
2,Đồng hồ đẹp mọi người nên mua nhé. Đèn có thay đổi được màu. So với giá này thì quá rẻ rồi ^^
0,1 cái bị hỏng shop đồng ý hoàn lại mà k thấy. Đồng hồ phù hợp với giá tiền
2,"Xinh lắm mà giá lại rẻ nữa, có đèn nữa nè mn nen mua nhaaaaaaaaaaaaaaaaaaaaa"
2,Hàng rất đẹp rất đáng giá tiền Giao Hàng Nhanh cảm ơn shop nhiều
1,Hàng đẹp. Chắc chắn đúng với mô tả. Giao hàng hơi lâu nhưng dịch bệnh nên thông cảm cho shop. Đáng mua
1,Shop đóng gói chắc chắn . Dịch này nên giao hàng hơi lâuuuuuuuu
2,Mình mua lần 2 ở shop r đồng hồ okee đẹp chỉnh giờ dễ màu đẹp giao hàng nhanh giá rẻ bền nên mua 🌈
2,Đồng hồ khá đẹp chỉnh giờ dễ giao đúng màu mỗi tội đồng hồ không có miếng dán chống xước nên đh bị xước một chút nhưng không sao nên mua🌈
2,"Chất lượng tuyệt vời, rất đáng mua nha mọi người"
0,Cái được cái ko ưng các bác ạ. Mua được giá sale nên rất rẻ ạ. Xem hình ảnh là hiểu sản phẩm nhé
2,Lần thứ 3 mua sp của shop. Rất ưng ý🥰 . Giao hàng nhanh😊 . Shop nhiệt tình ☺️
2,Spham y hình ...đúng giá tiền sẽ ủng hộ tiếp ko chụp ảnh được nên lấy tạm ảnh này hihi
1,Đồng hồ ổn đúng kiểu có ngày tháng mình cần. Nhưng dây nhỏ hơn và chất cũng nhựa trơn.chắc do cải tiến nên vậy chứ mình tìm mãi k thấy loại cũ mình mua .dù sao mọi thứ vẫn ok nếu bền mình sẽ tiếp tục ủng hộ sp của shop
0,"Hàng khác hình, muốn đổi hàng nhưng shop lại bảo là hàng đúng rồi. Muốn đổi trả nhưng ý shop k muốn hay sao nên kiu gọi điện hộ trợ :((. Vài chục nghìn mệt quá nên bỏ qua lun huhu"
2,"Đồng hồ đẹp lắm nha, shop giao đúng hàng nên rất ok, vì hồi bé mk dùng nhiều loại đồng hồ này r nên chỉnh đc giờ bình thường. iu shop😍"
1,Đax nhận đc nhưng mà giao hàng lâu quá huhu . Nhưbg mà đẹp và xịn xò nên chấp nhận nha 🐹🐹🐹🐹😗😅😅dịhđgvdvdvsvsvsvsbsksksnsnsbsbbsbsbsvsvsvsvsvsvsvsv
2,"Màu xanh bên ngoài đậm hơn nhé, đồng hồ khá xinh xẻo, ban đầu ko biết chỉnh giờ nhưng mò chút sẽ ra, bạn nào ko biết thì nt cho shop nhé"
0,"sản phẩm  rất tệ ,như clip mọi người thấy là các nút ko đúng như  tên của nó trên mặt đồng hồ,hơn nữa nó không thể chỉnh giờ,không bấm giờ,mặc dù noa rẻ thật nhưng cũng phải sử được chứ.Mình vô cùng thất vọng luôn😑"
2,Mà đi đâu thì mình nghĩ nó chỉ cần một cái tên này bị bắt 👮👮👮👮👮👮👮👮👮👮👮👮👮👮👮👮👮👮👮👮👮👮👮👮👮👮👮👮👮👮👮👮👮👮👮👮👮👮👮👮👮👮👮👮👮👮👮👮👮👮👮👮👮👮👮👮👮👮👮👮👮👮👮👮👮👮👮👮👮👮👮👮👮👮👮👮👮👮👮👮👮👮👮👮👮👮👮👮👮👮👮👮👮👮👮👮👮👮👮👮👮👮👮👮👮👮👮👮👮👮👮👮👮👮👮👮
2,đh như hình chất lương phải dùng lâu mới đánh giá chính xác nhưng trước là thấy hàng chất lượng ok chỉnh giờ các thứ bình thường. dây k dẻo nhưng vẫn đảm bảo uôsn cong dc mặt dh bị trầy 1 tí nhưng nằm trong góc khuất nghiêng qua mới thấy nên vẫn yên tâm về thẩm mỹ. tiền nào của đó nhé :3
2,Đồng hồ siêu xinh luôn nha mn🙆‍♂️hihii lười chụp ảnh nhưng muốn xu lên là lấy ảnh trong abummm nh😅
2,Hình ảnh chỉ mang tính nhận xu. Sản phẩm  OK. Mình mua 2 lần nhưng vẫn tốt đẹp. Lần này mua dùm nên k có hình
2,Đồng hồ đẹp lắm nha Không tin được là 25.000 được cái đồng hồ như này luôn ý đầu năm mình có mua cái đồng hồ Ồ như này với giá hơn 100 so sánh với nhau thấy cũng không khác là bao có khác cái đèn nháy à nói chung hàng rất ok nên mua
2,"Đồng hồ đẹp. Với giá này là quá oki rồi, quá xinh luôn. Không biết là có sài đc lâu không thôi ^^"
1,Đồng hồ khá xịnnn tuy trên mặt đồng hồ có một xíu lỗi nhưng với mức giá rẻ và chất lượng như thế này thì okela phết👍👍
2,Đồng hồ đẹp giá rẻ ko biết có thay pin được ko ạ em rất thích có nhiều chức năng em sẽ ủng hộ shop tiếp trong thời gian tới
1,"Đẹp lắm nha mn, rẻ mà như vậy là quá trời tốt luôn ấy. Hơi khó chỉnh tí. Cơ mà cái đh trắng nó bị hỏng rồi, điều chỉnh giờ được nhưng nó k chịu nhảy số 😢 mà cũng k đáng bao nhiêu nên bỏ qua. Cho shop 5*"
2,Sản phẩm đúng mô tả. Đóng gói sản phẩm đẹp và chắc chắn. Thòi gian giao hàng nhanh. Rất đáng tiền
2,Giá cả quá hợp lí nhân viên tư vấn rất nhiệt tình khi hết món sẽ gọi điện hỏi ý kiến khách hàng rồi ms giao . Gọi điện hỗ trợ nhiệt tình . Với giá tiền này thì mình ko còn gì để bàn cãi . Mà 1 cái bị vỡ kính chắc do bên vận chuyển 🥲 nch mọi ng lên mua nha
0,Giao sai màu . Bực thực sự luôn í. Trả hàng mấy lần r shop k thấy phiền hay gì
0,Giá thì ok. Ship hơi cao. Gửi hàng k giống mẫu trong hình kiểu chi tiết ngoài nó khác khác í. Màu hồng đậm hơn hình ×2 :)) với hôi mùi nhựa nữa. Trong mấy cái đánh giá shop có để trong 1c hộp nhìn khá sang. Nhưng tui mua 2l về đều nằm ỏng ẽo trong 1 cái bọc nilong :)) hơi buồn nhưng hok sao nên mua
2,Hàng xinh xỉu luôn ❤❤❤❤❤. Giao hàng đầy đủ giá thành rẻ phù hợp với sản phẩm
2,"Sản phẩm tốt, sản phẩm tốt, đã mua nhiều lần bên shop và đều ưng ý. Giao hàng nhanh, nhân viên giao hàng thân thiện. Sẽ tiếp tục ủng hộ shop, sẽ tiếp tục ủng hộ shop"
2,Đồng hồ xinh lắm lun á với giá thì quá ư là rẻ lun nhìn ko khác chu hàng hiệu lun á mn..........
2,"Đã mua 2 lần ở shop, đều rất hài lòng, em mình thích lắm, tuy ship hơi lâu nma chất lượng thì khỏi chê. Mn nên mua"
2,Mua nhiều ở shop rồi vẫn cứ gọi là okkkla... Màu hồng cứ tưởng nhạt như hình nhưng ra nó đậm quá nhìn trẻ con quá ạ :(((( nên là shop có gì được thì để ảnh hồng thật chứ vầy thì thất vọng quá
2,Đồng hồ xinh lắm ạ giá rẻ mà nhìn xịn cực nha màn hình bấm nó còn chuyển sang đủ màu nữa í giá ship cũng cực kì nhanh luôn
1,Đồng hồ màu đẹp nhưng đeo 1-2 ngày dây đeo hơi xỉn màu nhưng chất lượng ok giá rẻ kiểu dáng đẹp rất phù hợp cho đồ thể thao nên mua
2,Đồng hồ giống như hình. Giá oke 👍👍. Mong là dùng được thời gian dài
1,Đồng hồ đẹp chất lượng tốt so vs giá 23knhung giao hành hơi lâu trong tp mà lâu quá shipee thân thiện
2,giao hàng nhanh . đóng gói cẩn thận. đồng hồ 2 cái đều đẹp dễ chỉnh tgian . có một cái rêu tự set báo thức mình kh biết tắttt :<
2,"Sản phẩm phù hợp với giá tiền, shop tư vấn nhanh"
2,"Đồng hồ đẹp, xịn, nói chung là rất tuyệt!! 27k đc cái đồng hồ xịn thế này là quá tốt, ship nhanh, shop bọc kĩ, mk ở hà nội ship mất 2 ngày, mở ra hàng vẫn mới nguyên, ko bị xước j :)))) pin vẫn chạy, có nhiều chức năng: đèn led nhiều màu, báo thức, bấm giờ, hiển thị ngày tháng, ủng hộ shop dài dàiii"
0,"Điều khiển khỏi dùng, nhận hàng vỡ nát, chán hằn đừng ai mua của shop này, uy tín kém, số điện thoại thì sai k gọi được, nt k trl"
0,Giao hàng đủ. Bên giao hàng vs shop này sao á. Báo tình trạng ship lên hệ thống chậm ghê. Nhận hàng đc 4 ngày rồi mới báo là đã giao. K biết shop có mở hàng ra ktra k máy dính keo dán trông bụi bẩn cũ ghê luôn ấy. Rồi mình đang dùng thì bụp! Mất làm nóng :)
0,Máy chưa dùng đã bị nổ hany mới dở ra sử dụng thì k sd được🥲🥲🥲😒😢😢😢
1,"Đóng gói cẩn thận, chắc chắn, có một vài thanh hơi bị móp......"
0,Mọi người ơi chừa cái shop này ra nhé. Thanh nhựa 6 thanh mới lắp được nó giao cho mình có 5 thanh thôi. Gọi điện thoại và nhắn tin ko thèm trả lời khách. Làm ăn cực chán
0,"Đóng gói ko chắc chắn, hộp bị bóp méo, thiếu nan nên khung bị lỏng lẻo, mình pải tháo ra lắp lại mấy lần để khớp lại khung cho chắc, mình tét thử máy rồi, máy chạy hơi ồn nhưng có độ nóng, mát. Nói chung máy dùng tạm ổn. Cảm ơn shop nhé!"
0,"Mua xong nhìn hoảng hốt quá, ko biết lắp 🥲🥲🥲🥲🥲 cíu tôi với, thôi thấy ngta đánh giá 5 sao, mình cũng đánh"
1,"ổn áp ạ , tuy lắp đặt hơi lâu tí nma y như hình luôn ạ, chưa sử dụng nên sẽ đánh giá công tâm sau"
2,Dễ lắp ráp. Dễ sử dụng. Dùng rất thích hợp cho mùa đông này mn ạ. Nên mua nhé mn
2,"Giao hàng nhanh, đặt 2 ngày là có hàng. Mới mở ra xem thì thấy giống hình. Chưa sử dụng nên chưa biết chất lượng ra sao."
0,"Vài thanh bị móp, mở máy ok,chưa dùng chưa có nhận xét gì.           ....."
2,"Mới test thử, mọi thứ hoạt động ok."
2,Giao hàng nhanh. Tủ đẹp lắm. Hy vọng dc bền. Cảm ơn shop. Sẽ ủng hộ tiếp
2,Hàng chuqa thử bs chung hoei móp tý
2,Tủ đẹppp. Chắc chắn. Giống ảnh mẫu. Chưa dùng lên chưa biết chất lượng tnao
0,Sấy 3 tiếng mà quần áo vẫn không khô lên chút nào. Không nên mua.
1,Phần chân bánh xe hơi yếu nhưng không hề hối hận vì đã mua. Quá tiện lợi 🥰🥰🥰
2,Sản phẩm đúng như mô tả. Giao hàng hơi chậm chút. Chất lượng phải dùng mới đánh giá được.
2,"Mua của shop mây lần . Sp đêu đung hình rât ok , hàng đóng gói cân thận , shop giao nhanh ."
2,"Đặt hôm qua ,hôm nay đa nhân được , shop giao nhanh đấy , đong goi cân thận , sp kha ok , đung hinh , chat lượng ok vơi giá tiên . cho 5*"
2,"sp tốt . kha đẹp, giao nhanh . Shop bán rẻ , ưng lăm ạ"
2,Mới test thử thấy  k quá ồn. Chưa lắp thử nhưng nhìn chung là ổn
0,Mình đặt hàng mà shop giao thiếu hàng .Nhắn tin thì mãi mới trả lời .Shop giao thiếu hẳn 3 món đồ .Nhắn tin còn bảo giao thiếu có mỗi găng tay .Chán shop quá
1,Thiếu mất 3 thanh to treo quần áo bên trong nên cho sho 4sao thôi
2,Sp như hình rất ok
2,Nếu mà có 10 sao thì mình cũng vote luôn. Sau 2 tuần sử dụng mình mới lên review. Tủ quá rẻ và tiện lợi trong mùa mưa ở miền trung. Không còn cảnh chạy mưa thu quần áo hay đồ ứ mấy ngày ko khô nữa . Hy vọng em nó bền 👍👍👍
2,Sp tốt .tu sấy nhanh .kha ok chất lượng . Giá lại rẻ .shop giao nhanh
1,"tốt, khá nặng điện"
0,"Tủ yếu ớt, sấy lâu khô"
0,Giao thiếu điều khiển
1,Áo bomber đẹp nhưng mặc vài lần là có hiện tương bung chỉ rồi giá tiền cũng rẻ nên thoii
1,áo phù hợp với giá tiền .. áo mỏng nma giá vậy nên chịu thôi .. size L nma áo vẫn nhỏ
1,"Thời gian giao hàng nhanh, áo vải mỏng không dày lắm nhưng với giá ntn thì cũng ổn ạ"
2,Hàng giao đảm bảo ko trầy xước son đẹp tốt chất lượng sẽ quay trở lại ủng hộ shop
2,"Ao đẹp ,giá phải chăng 🤩🤩🤩🤩🤩🤩🤩🤩🤩🤩🤩🤩🤩🤩🤩🤩🤩🤩🤩🤩🤩🤩🤩🤩🤩🤩🤩🤩🤩🤩🤩🤩🤩🤩🤩"
2,"Áo khá đẹp ạ, giá tiền hợp lí, chất liệu cũng khá tốt so với giá tiền này !!!"
1,"Hàng được đóng gói rất cẩn thận. Form áo đẹp, nhưng thừa rất nhiều chỉ bên trong và ngoài. Phần da tay áo đẹp nên mọi người yên tâm về sản phẩm nha."
2,"hàng đẹp giống mẫu, và shop rất thân thiện vs khách hàng , shipper giao hàng cx rất nhanh và ns chuyện rất thân thiện với khách hàng ,hàng rất chất lượng mn lên mua sp cho shop nha. Mk sẽ mua lại đồ của shop thêm nhiều lần nữa vì hàng quá tuyệt vời mn ạ"
1,"Áo giao thì đúng mẫu nhưng với giá này thì áo hơi kém chất lượng , giao hàng nhanh , đóng gói thì khá là ôn thoi chứ ko chắc chắn"
2,"Hình ảnh và video mang tính chất nhận xu. Sản phẩm giao nhanh chóng, giá cả săn được sale rất tốt. Cảm ơn shop!"
1,Ảnh klq nma đẹp lắm nhaaaa! Giao hàng nhanh nè . Hơi mỏng chút nma mặc lên thù đẹp
1,Sản phẩm oki la lắm nha nhưng có hơi chỉ thừa 1 tí còn lại điều oki la hết nha.
2,U là trời hàng gì mà đẹp không còn gì để nói . Giao hàng nhanh đóng gói chắn chắn Shop rất thân thiện nhaʕ•̫͡•ʕ•̫͡•ʔ•̫͡•ʔ•̫͡•ʕ•̫͡•ʔ•̫͡•ʕ•̫͡•ʕ•̫͡•ʔ•̫͡•ʔ•̫͡•ʕ•̫͡•ʔ•̫͡•ʔ
1,"Áo giống với trên hình, phù hợp với giá tiền, nhưng túi áo khâu sơ sài, mặc được một hôm đã bị rách:(("
2,Chất liệu với giá tiền như vậy là quá xá ổn. Sẽ mua lại lần nữa ạ.
2,"đánh giá chỉ mang tính chất nhận xu , nhưng chất lượng cũng okela"
2,Chất lượng phù hợp với giá tiền khom có gì để lói kả wa okelaaaa
1,Chất lượng tuyệt vời quá xinh luôn ạ có cái hơi nhiều chỉ thừa … lần sau ủng hộ thêm ạ
2,Chất ok săn ngay 12h nên giá ok 
2,Hình ảnh chỉ mang tính chất nhận xu. Hàng ok lắmmmmmmmmmmmmmm
0,"Áo rất mỏng, tiền nào của đấy thôi, nhiều chỉ thừa, size XL mà như size L"
0,"Đóng gói kĩ ship nhanh nhưng áo vải rất mỏng, có rất nhiều chỉ thừa, mua XXL mà size như L rất bé luôn mình 60kg mặc còn khá chật giá như vậy hơi đắt ,thế nên mọi người cân nhắc trước khi mua nhé!! Lần đầu mua ở shoppe mà thất vọng nthe  mình là lần cuối mua ở đây rồi 🥲"
2,sản phẩm với giá tiền này nói chung là dk. mẫu mã đẹp chất lượng cũng ok.
2,"Hàng rẻ mà đẹp lắm nhaa, đáng đồng tiền bát gạo ghê á, hơi nhiều chỉ thừa một xíu thôi à, nói chung là tôi đánh giá shop 5* nhaa🥰"
1,"áo đẹp nhưng hơi mỏng và có nhiều sợi chỉ thừa , nhưng với giá tiền săn sale như này thì là hợp lí"
2,Chất lg phù hợp vs giá tiền. Hình là thêu hoàn toàn lên đẹp ạ
1,áo hơi mỏng nói chung là tiền nào của nấy mặc cũng ô kê
0,"Thề luôn 124k, nhận đc quả áo mà tui giật mình k tưởng vì chất nó quả mỏng. Phần chất da ở ống tay chắc phải lựa k rách toạch mất. Áo này chắc chắn là k dám giặt mọi người ạ. Chắc mặc đc 3 lần thì áo hỏng."
1,Chất áo mỏng nhiều chỉ thừa. Với giá tiền thì cũng hợp lí. Túi bên trong hơi lởm. Mặc lên nhìn cũng ok. tạm ổn
0,Size 2xl mà bé xíu xiu không mặc vừa bé Như size l ý chán ko ưng tẹo nào lại vải thô ống tay xấu vch
0,Hàng 300k khuyến mãi :)) đúng là khuyễn mãi có cái giá của nó. Quả túi áo tù vãi
0,Áo hơi mỏngggggggggggggggggggggggggggggggggggggggggg
2,Tuy thời gian dịch bệnh nên giao hàng có hơi lâu một chút xíu mà sản phẩm cực kì chất lượng giao hàng shippper vui tính mọi người ủng hộ shop thêm nhé
1,Áo rất đẹp như -1 điểm là quá nhiều chỉ thừ ra rất xấu áo rất mỏng chỉ mặc cho đẹp thôi tổng kết lại 9/10 nên đánh giá 4 sao thôi
0,Áo nhìn khá ổn mà cái túi áo chưa gì đã rách . Shop sau kiểm tra hàng kĩ hãng giao nhé. Hơi thất vọng chút
0,"Áo khoác mỏng hơn mong đợi , không thể bảo vệ cơ thể bạn trong mùa đông giá lạnh"
2,Mọi người nên mua rất đẹp sang xịn mịn mát mà giá lại còn rẻ nữa Shop Hảo Hán :)))
2,"rất xinh đẹp tuyệt vời ,chúc vui vẻ bình an hạnh phúc,100 điểm"
0,"Hàng tạm ổn, chỉ thừa khá nhiều, size XL mặc vẫn nhỏ, shop tư vấn trả lời kém khi mình bảo đổi size"
1,hàng đẹp hơi mỏng ai to thì lên chọn xl nhéeee ncl cũng tàm tạm k
1,"Áo đẹp, mình đặt size XL nhưng mà vẫn thấy nhỏ lắm hơi thất vọng xíu"
1,Sản phẩm tạm ổn chất lượng tốt nhưng quá nhiều chỉ thừa và giao hàng hơi lâu
0,Mỏng
1,"Bọc hàng kĩ. Ship hàng nhanh. Chất lượng áo oke. K biết shop có giao nhầm sz k, mình m55 58kg od sz XL(60-75kg) mặc áo phông mỏng bên trong rồi mặc áo này ở ngoài thì bị kích. Nếu mặc áo quây ngang bên trong rồi mặc áo khoác này ở ngoài thì thoải mái hơn"
0,"Ảo mỏng và cực kì nhiều chỉ thừa, tóm lại là cũng ôn chứ k ưng lắm🥰🥰🥰🥰🥰🥰🥰🥰🥰🥰"
1,"Giao hàng nhanh, sản phẩm hơi bó cho người cân đối nói chung là hơi chật, áo tuy mỏng nhưng vẫn được, với lại áo mua cho người khác nên không biết feedback sao nữa 🥴😅"
0,Áo chất mỏng nhiều chỉ thừa. Nếu mua với giá chưa sale thi k phì hợp chút nào. Áo rộng đó mng. Đúng sz nha. Hình ảnh mang tính chất nhận xu thui
0,áo nhiều đường chỉ may không đẹp. . chất áo hơi mỏng. chỉ thừa nhiều
1,Áo đặt xxl mà  áo bé ngắn như áo sz l . Nma chất dày 
0,"Thật sự thì khá thật vọng. Shop để size không hề đúng với mô tả, size Xl mà nhỏ như size S size M í. Tay áo khá mỏng. Đây mà đi gió chắc rách toạc mất :)))"
1,Áo chất ok so với giá tiền.. Nhưng mình mua cho ck cao 1m82 size Xxl hơi nhỏ
1,Shop đóng gói ok mà hàng về cũng đẹp lắm có điều chỉ thừa hơi nhiều với phần túi trong và phần bo cổ mình không thích cho lắm mà mức giá vậy mà về hàng ok là nên mua nha anh em
1,Sản phẩm đẹp chất lượng như hình nhưng hơi có chie thừa xíu đáng mua nha ❤️
1,Áo quá hẹp. Mặc ko thoải mái còn lại ok 
2,"Sản phẩm rất xinh đẹp tuyệt vời, tôi không thể trông đợi gì hơn. Cảm ơn nhà cung cấp, nhà sản xuất, cảm ơn người bán hàng, cảm ơn sàn thương mại điện tử, cảm ơn người vận chuyển để tôi có cơ hội dùng sản phẩm tốt như thế này."
0,Một shop KHÔNG có tâm mình mua đồ từ trước giờ trên shopee chuae bao giờ mình quay video hay đánh giá bằng hình ảnh - vấn đề : giao hàng hơi lâu do shiper hoặc tuyến đường . K đáng nói  -2: về size : đặt xl giao về hình như là size L rất NHỎ - tay ngắn vãi mỏng da chắc giặt 2 lần bay da khẳng định.
1,"Giáo hàng nhanh, chất liệu không được tốt lắm vì tiền nào của nấy mà"
1,Cái phần da như ni lông tạm ổn trong nỉ ấm 
0,Áo ổn nhiều chỉ thừa 
2,"Giao hàng khá nhanh, chất khá ổn, tiền nào của nấy, 👍👍👍👍👍👍👍👍👍"
1,N hơi có chỉ thừa lớp vải vs mk mà ns thì khá ổn. Nên mua nha
2,Sản phẩm như hình. Giá rẻ. Thank shop thank shopeee. Thank
1,"Sản phẩm hơi bé chất chất ok , túi bé mà cảm giác hơi lệch nói chung là ok"
0,có nhiều chỉ thừa ở cổ và hai bên hông ! chất liệu mỏng k dc như mong đợi! bên ngoài thì màu chưa đẹp như trên hình! phù hợp giá tiển !
0,"Ban đầu mình tính đánh 5 sao vì có cảm tình vs phần túi. Nhưng bóc ra thì 1 đống ê chề :) từ cái túi áo làm từ loại vải dởm, đường chỉ thì thừa rất là nhiều. Vải mới mang tới đã xù. Hàng kém chất lượng dã man. Để giá 299 rồi giảm xuống cho hay chứ để giá 299k chắc có ma nào mua."
2,Áo xing lắm nha m.n mình m53 46kg mặc như z nhaa mua hộ cho bạn mà bạn mặc khum dừa mình mặc dừa
0,"Vải áo quá tệ, nhất là phần 2 cánh tay được làm từ vải gì cực kì mỏng xé nhẹ cũng có thể rách, bên trong áo thì chỉ thừa cực kì nhiều và nhìn 2 cái túi như lấy vải thừa may vào vậy. Size áo thì vô cùng bé, XL mà nhỏ như size S. Không đáng mua 1 chút nào."
2,Áo đẹp lắm ạ. Mua cho đứa em mặc mà nhìn đjep hết nước chấm luôn 🤣
2,Áo xinh phù hợp với giá tiền giao hàng nhanh thái độ phục vụ tốt
0,Hình ảnh mang tính chất minh họa nhưng mà áo thì theo mình cũng là tạm ổn sợ giặt cái da ở tay áo rách huhu
1,"Đẹp lắm ạaaaaaaaaaa❤da hơi mỏng thôi, cũng hơi ngắn một xíuu"
1,"Áo khá đẹp, tuy nhiên hơi nh chỉ thừa á mng .-. mình cắt ra 1 đống như trong ảnh luôn ấy, cận chất thì mng có thể tham khảo vd nha phần tay áo ko phải da đâu mà kiểu chất gì bóng bóng mỏng mỏng ấy chữ thêu ổn giá rẻ thì nên mua nhaa mnguii :33"
2,"Mua áo tặng cho cu đệ khó tính, nên mk có chat vs shop nhờ shop tv sz và nhờ shop ktr hàng kĩ trc giúp mk, shop tv khá nhiệt tình nè, ch.luog thì ok wa r, mỗi tội chỉ thừa nhìu w 😂 nhug k s cắt ra là dc, cho shop đ.giá 5s"
0,Áo thì như ảnh đấy . Nhưng áo mỏng . Đặt sz XXL mà giao áo free sz bé mà ngắn
1,Áo cũng đẹp nhưng chỉ hơi nhiều chỉ thừa nên cho 4 sao sản phẩm tốt
0,Áo mỏng dính nhưng với cái giá 100000 thì tạm đc với lại nhỏ quá
2,Đóng gói sản phẩm tốt chất lượng ổn phù hợp với mặt hàng giá rẻ.
1,Hàng thì đẹp giá hợp lí nhưng không biết shop có gửi nhầm size không mà XL còn ngắn hơn là L tìm trên áo thì không thấy để size tầm giá này thì OK rồi nhưng hơi tiếc là size áo bé
2,Chỉ mang tính chất lấy xu nma áoooo mang vừa ok lắmmmmmmmmmmm
2,"Thích nhất shop giao hàng nhanh, chất áo ko quá dày nhưng hợp lý với giá tiền, form áo đẹp, mặc thích lắm."
2,Áo đẹp giao hàng hơi lâu với giá tiền này thì k còn gì để bàn cãi ..................................
2,Hình ảnh chỉ mang tính chất nhận xu . Nhưng mặc đẹp lắm nha. Nên mua nha mọi người . Mỗi tội chờ hơi lâu 1 tý
1,Mẫu mã đẹp giao hàng nhanh nhưng hơi nhỏ . Ns chung là cx tạm ổn . Ai mua thì mua
2,Hàng ok mong mọi người bình tĩnh mua thooinkhoong hết hàng không ai mua được
0,Đặt xl mà nó rất bé nhìn như Size L vậy tay thì không phải loại da xịn nhìn rất không ưng
0,"Chất áo không đẹp , vải mỏng , form áo vô cùng bé size 2xl mà như size S , mọi người nên cân nhắc mua , so với giá vẫn còn hơi đắt , shop trả lời tin nhắn khách vô cùng chậm mặc dù hoạt động mười mấy phút trước ."
2,"Với giá này thì cũng k mong j hơn hâhhah,,, cảm ơn ahop giao hàng ạ ,,, đănt 2 đơn thì còn 1 đơn nhữa ạ"
0,"Áo mỏng đặt size to nhất rồi vẫn bé, nhưng giá rẻ nên tạm ok. Cúc áo vừa mua đã bung. Nhiều chỉ thừa. Túi áo dễ thủng"
0,Áo from hơi nhỏ và bị rách một lỗ :((((( ảnhh k liên quannnnnnnnnnnnnnnnnnnnnnnnnnnnnnnnnnnnnnnnnnnnnnn
0,Áo dày đẹp mỗi tội lỗi túi áo😢chán luônnnm🥲🥲🥲🥲🥲🥲🥲🥲🥲🥲😉😉😉☹️🤳🤳b
0,"Áo form rất nhỏ, giao hàng rất lâu, nói chung là tệ =((((((((((("
0,Shop nghĩ sao mà đưa mình áo này :)) khá là thất vọng k được ưng cho lắm áo chất mỏng mặc khá lạnh chất da kia chắc dặt 1-2 lần là bong thôi coi như là bài học với cả giá tiền này mình cũng k đòi hỏi gì nhiều chỉ lf thấy nó mỏng quá :)) mặc lạnh sun vòi
1,Mọi người ấn vào video nghe em nói nhé. Nch là so vs giá thì cx ổn. Form hơi nhỏ so vs mình nghĩ
1,Không có gì để nói 
1,Áo cũng tạm được chất hơi mỏng lấy mãi k được hàng shop cũng k tl tin nhắn của khách
0,"Vải hơi mỏng chất lượng tạm tạm, thời gian giao hàng lâu 12 ngày mới về, chỉ thừa nhiều"
1,Ncl cũg đc . Thật sự là hơi đắt so với chất lượng sp . Chỉ thừa nhiều chất bên trog k ấm lắm . Giao hàg hơi lâu nữa
2,"Áo xinh lắm nhé mọi ngưởi, k bị thừa chỉ quá nhiều, gói hàng khỏi chê . Mặc lên thì bao ngầu lòi. Mình sẽ ủng hpoj shop dài dài"
2,Áo đẹp lắm nha mn ơi ship 3 ngày là tới r với giá áo như kia mà chất như này là quá hời luôn í
1,Áo mình đặt khá đẹp phù hợp với giá tiền nhưng túi may hơi xấu 1 chút và còn nhiều chỉ thừa
2,Mỏng quá 
0,"Áo mỏng dính, có lớp nỉ, mặc chống gió ơ miền nam chứ ra bắc thì ko chịu lanh dc"
0,"Áo mỏng, vải nỉ mỏng, ko giữ ấm dc, mặc thời trang, hàng nào của nấy"
2,ưng lắm ạ 
1,Cx tạm ok... Size xl mà nó hơi nhỏ.. Ko to mới nhưng cx vừa.. Nên mua . Vd hình ảnh mang tính chất nhận xu.
2,Áo đẹp ạ 
1,Áo vải hơi mỏng. Chỉ thừa hơi nhiều. Chỉ nơi logo trước ngực có chỗ màu hơi vàng. tiền nào của đó thôi. Mình mặc chống nắng nên cũng tạm được.
0,Lỗi túi áo ạ mong shop khắc phục lại ạ nma ngoài túi áo ra mọi thứ đều ổn hết okkkkkkkkkkkkkkkkkkkkkkk
0,Áo bị vỡ da khá nhiều ở túi áo và ống tay nhưng thôi 140k bằng cái áo cộc giá tiền vậy k đòi hỏi
0,Áo mỏng với hơi nhiều chỉ thừa mua về hơi có mùi hôi của da.....
2,Thật sự lần đầu mua ở shop này k nghĩ rẻ mà đẹp nv luônn 🙆🏻‍♀️ vote 5 saoo ảnh thật mịn măc đóo
1,"Áo phù hợp với giá tiền hơi nhăn có 1 lớp, hình thêu đẹp, dịch nên giao hơi lâu!!"
0,"Áo hơi nhăn và còn nhiều chỉ thừa,!!!!!!!!!!!!!!!!!!!!!!!!!!!!"
1,"Áo ổn, form cũng đươch nhưng hơi mỏng. Hình ảnh mang tính chất minh hoạ"
0,"Hàng mỏng, kém chất lượng, không ưng lắm  không giống như trong ảnh lắm"
1,Mọi người nên chọn mùa chỉ may quần áo nó tăng giá nha chứ em mua trúng mùa rẻ nên shop tặng cho 1 đống chỉ thừa cắt mỏi tay🙄. Tổng quan với giá 200k ở phía cạnh 1 người thực dụng như em thì áo khá đẹp 8/10đ. Tầm giá này thì áo này đẹp mà rẻ nhất rồi
1,Áo mỏng mùi da hơi nồng bên trong áo có lớp lông mỏng sản phẩm khá ổn
0,"Áo rách túi, vải mỏng, quá nhiều chỉ thừa, chất lượng sản phẩm kém"
2,"Chất lượng sản phẩm tuyệt vời, đóng gói sản phẩm rất đẹp và chắc chắn, shop phục vụ rất tốt, rất đáng tiền, thời gian giao hàng rất nhanh."
2,"Áo đẹp ,vải êm ,nhưng mà nếu shop có size xxxl nữa thì tốt 🤣"
2,"Hình ảnh chỉ mang tính chất nhận xu. Áo đẹp, nói chung là hài lòng"
2,"Áo chuẩn from tay làm bằng da, chất liệu khá ổn. Mua sale nên còn 99k rất ok 9/10đ"
2,"Đóng gói sản phẩm chắc chắn, thời gian giao hàng nhanh, chất lượng sản phẩm phù hợp với giá tiền"
2,"Áo đẹp xuất xắc luôn, vải này mặc kh có bị nóng nha mọi người ok lắm, shop nch dễ thương hihi"
2,nhân viên rất nhắn tin rất dễ thương 😘 vải mặc k nóng! đáng tiền nha 😘
2,"chất lượng sản phẩm tốt, giao hàng nhanh, đóng gói hàng cẩn thận"
2,"sản phẩm khá okkkkk, giá ổnnnnn mọii người rất nên muaaa nhaa"
1,Áo cũng bình thường thôi. Áo 1 lớp . Nói chung khá ổn thôi. Cho shop 5 sao
2,"Sản phẩm phù hợp với giá tiền, rất  ok, shop rất dễ thương."
0,Vải thì ok nhưng về đường chỉ thì không tốt lắm rất dễ bị dứt và có nhìu chỉ bị thừa
1,Sản phẩm tốt chất lượng nhưng chỉ thừa hơi nhiều cũng tạm ổn 👍👍
2,"Hình ảnh chỉ mang tính chất minh hoạ, hàng đẹp lắm nha , giao hàng nhanh"
1,Tốt.áo rất đẹp nhưng vải hơi mỏng đặc biệt là phần da nhưng trong tầm tiền này thì oke
0,"Kiểu dáng áo được, form ổn nhưng chất liệu may phần cánh tay áo chưa hợp lý lắm, phần vải bị nứt khá nhiều và sờ hơi mỏng."
2,Sản phẩm i hình. Tương đương giá tiền. Giao hàng nhanh. Nên mua. Hình ảnh để nhận xu
0,"Áo chất lượng kém, chỉ có 1 sz thì phải, mình 1m65 57kg mà lấy XXL chật ních . 1 sao xứng đáng"
0,Áo khá mỏng ncl mk k ưng cho lắm
1,"Áo đẹp,form đẹp. Chọn cỡ to nhất r mặc vx hơi bé hơi ngắn so vs cổ tay. Áo nhiều chỉ thừa,rất nhiều chỉ thừa. Giá cx ok. 1 bên túi là nilon. 1 bên túi là lưới như trên hình . May lệch thật sự cái này chắc cho 4 sao thôu"
2,Áo đẹp chất dày nhặn khonq ngờ hơn 100k mà mua đựt áo xynk thế này
0,Áo quá nhỏ dù đã đặt size xl nhiều chỉ thừa xấu 
2,"Áo đẹp lắm nha mọi người, giao hành nhanh, rất đáng tiền. Hình ảnh chỉ mang tính chất nhận xu"
2,Lần đầu mua hàg nên cho shop 5sao hàg đóng gói chắc chắn và giao đúg hàg
2,rất đẹp
0,": chả hiểu sao áo này chất thì xấu mỏng mà mọi người lại có thế cho đánh giá tốt chả hiểu luôn ý . Đã thế đặt sz xl mà như là sai m vậy đó , áo rễ bị xổm lông nữa ncl áo tệ tật sự!khuyên mn k lên mua áo này nữa !!"
2,Hàng đẹp nha shop
2,Đẹp nhưng vải hơi mỏng mình mua 2c thì thấy hình in cái đậm cái nhạt và nổi mấy cái chấm đen đen nhìn xấu vc:)). Nhưng nhìn tổng thế thì vẫn đẹp . Form mặc kh được rộng lắm nó nhìn như hình mình chụp í mng
0,"Giao nhầm hàng, liên hệ shop nhưng kh trả hàng, 1 sao 🥲🥲🥲🥲🥲🥲🥲🥲🥲🙊🙊🙊🙊"
2,Hàng đẹp lắm mọi người ơi mình mua thử thôi không nghĩ là hàng uy tín đến thế xin lỗi vì kh chụp được ảnh nhé mọi người lên thử mua 1 lần
1,"mặc tương đối dễ chịu, thấm mồ hôi ổn, nhưng mà người nào dài lưng hoặc to phần trên thì mặc có vẻ vẫn thấy vừa chứ không đến độ oversize nhé!"
0,Ai mà trên 60kg mặc sẽ ngắn và chật nha. Vải k đẹp lắm
2,Mua áo có mấy chục nghìn nên mình cũng k hi vọng về vải lắm nhưng áo đẹp cực vải lại ok nữa sẽ ủng hộ shop tiếp hcjdjdshsjsbdvsvsbsndbdbbdhdjsjsjsksjjsjshsbdbdbdb
2,"Chất áo mỏng nhưng mà với giá như thế này thì là ổn rồi, ship nhanh"
2,Kh ngờ chất lại ok đến vậy giá tiền này là quá rẻ luôn đó mn ạ. Mua hộ nên quên kh chụp lại
0,"Áo ko đc rộng lắm như trong hình , phù hợp hơn vs các bạn 1m65 đổ xuồng và dưới 60 cân , đc cái là giao hàng nhanh . Mk cao 1m73 . Nặng 64 kg"
2,"Áo rất là đẹp, nói chung là "
2,Áo rrrraat dẹp ak chât lượng ok babe 😍😍😍😍🐶😍😍👍👍👍👍👍👍👍👍kkkkkkkl sẽ ủng hộ shop kkkkkkkkkl
2,Áo rất đẹp và rất đáng mua nha mọi người đường chỉ may rất đều và ko có chỉ thừa áo rất giống hình và form giộng nha mn (ảnh và vd chỉ mang tính chất nhận xu)
2,Được giao hàngg nhanhh hâhhahahahahahahahababanabababaabaa
2,Đùa.Phải gọi là đẹp xuất sắc.Vải của áo giống y hệt ở cửa hàng quần áo.Form đẹp.K có chỉ thừa.Săn sale vs giá 42k thì quá là nơi.Ship áo nhanh
0,Ảnh mang tính chất nhận xu. Áo hơi rách một chút ở cánh tay :((( mong shop chú ý lần sau
1,"Hàng rất là ok nha . Ai mua giày liên hệ mình nha . Áo ok lắm lắm , cảm ơn shop"
0,"Vải áo khá mỏng, màu đen nhìn sẽ kh quá mỏng như đen. Hình in xấu, không đẹp. Tuy nhiên giao hàng đúng thời hạn, Shiper rất nhiệt tình."
2,đóng gói đẹp quá tr quá xịn xò tr uii dth qua tr xiu up xiu down xiu len xiu xuong qua shipper shop gửi cũng beo béo dth nữa aww một ngày thứ 2 đẹp trời
2,"Vải mịn, mặc mát nha. Áo tay lỡ mặc thoải mái.. . Shop rất là nhiệu tình, có cả thư cảm ơn và có cả mã giảm giá 30k cho đơn tiếp theo. . . Rất là hài lòng luôn sẽ ủng hộ shop lâu dài ạ . . Áo xinh xỉu nha ,,,,,,,,,,,,,,,,,,,,,,,,,,,,,,,,,,,,,,,,,,,,,,. ,,,,,,,,,,,,,,,,,,,,,,,,,,,,,,,,,,,,,,,,,,,,,,,,,,,,,,"
2,"Hình ảnh và video để nhận xu, áo form rộng, chất đẹp, mặc thoải mái, cảm ơn shop, sẽ tiếp tục ủng hộ ạ"
2,Sản phẩm vừa rẻ vừa đẹp nhà lên mua nha mọi người shop uy tín mà rất ít người biết
2,"Cảm ơn Shop mình nhận dc áo rồi,. . Áo siêu ưng luôn dáng Unisex tay lỡ form rộng, mặc tây cực kỳ. Mua dc giá sale còn có chưa đến 50k mà mua dc áo đẹp như thế này thì tuyệt luôn. Shop còn có cả thư cảm ơn trong gói hàng, rất thích cách phục vụ của shop. . Sẽ ủng hộ thêm ạ. . Cảm ơn shop !!!!!!!!!!!!!!!!!"
2,"Áo đẹp lắm, ko có chỉ thừa, hình đẹp, shipper thân thiện (vd vs ảnh chỉ mang tính chất nhận xu)"
2,Áo đẹp rất đáng tiền mua nha mà lại còn rẻ nữa giao hàng shop còn có thư và tặng vé giảm giá nữa (◍•ᴗ•◍) mọi người mua ủng hộ shop nha
2,Chất liệu vải tốt. Oke lắm mn nên mua nhé. Mặc với jean thì bao đẹp
1,"Áo khá đẹp, vải khá mịn, mỗi tội freesize nên mình m59 51kg mặc vừa in, không rộng cho lắm nhưng với giá này thì khá hợp lý 😘"
2,"Áo đẹp lắm ạ, mua ở shop nhiều rồi nên yên tâm.. . Shop tư vấn nhiệt tình. giao đúng hạn. Mặc rất thoải mái nhé mọi người. Mình lại mua đúng trong đợt sale nên rẻ. Nhân viên giao hàng chu đáo . Nói chung cái gì cùng Ok hết. 5 sao nhé. . . Fan trung thành của Shop luôn ạ, Cảm ơn Shop nhiều nha. 6666666666"
2,"Giao hàng nhanh,đặt hôm nay ngày mai đã có,Chất của vải rất ok vừa dặn ,mặc mát. Đường may tương đối đều và đẹp, hầu như không có chỉ thừa, Mình 1m52 nặng 42kg mặc khá rộng,nhưng ko sao mình rất thích rộng :3.Không ngờ hàng rẻ mà còn chất lượng,rcm nên mua nha.Áo ở ngoài xinh hơn trong hình.Sẽ ủng,,"
1,"Chất vải tốt , mặc thoải mái , mỗi tội áo vừa người không được rộng như trong hình ."
0,áo đẹpppp lắm luônnn chất vải có phần nóngggg nhưng dỏm áo rất đẹpppp
2,Chất lượng sản phẩm tuyệt vời shipper dễ tính và các thứ đều ổn
2,Áo đẹp lắm mn ơiiiiiiiiiiiiiiiiuiiuuuu giao hàng nhanh. Đóng gói đẹp!
2,Áo siu siu siu siu đẹp lun. Đã mua nhiều áo của shop mẫu nào cũng ưng. Siêu thích áo của shop chỉ muốn mua hết các mẫu về mặc Shop thì rất thân thiện còn gửi kèm cả tờ giấy hướng dẫn siêu đáng yêu. Chắc chắn sẽ ủng hộ shop tiếp.. . Quan trọng nhất là shop phục vụ cực kì tốt. >>>>>>>>>>>>>>>>>>>>>>>>. >>
1,Vải hơn nóng á shoppppppppppppppppppppppppppppppppp . Cùng đc nhưng ko cho kiểm tra hàng
1,Áo nhìn chung ok hơi mỏng xíu tiền nào của đấy lần đầu tiên mua của shop…..
2,Chất vải mát giao hàng nhanh shop nhiệt tình . Sẽ ủng hộ shop nhiều
2,Áo xinh xỉu dài shop uy tín ( hình ảnh mang tính chất nhận xu)
1,quá xịn quá đã giống hình giao hơi lâu xíu tại dịch nma ok lắm kk
2,"Em Mua ở Shop lần thứ 3 rồi, Áo đẹp lắm, mà rẻ nữa, nên rất thích mua ở Shop. . Làn nào mua về cũng có thư cảm ơn + tặng kèm mã giảm giá 30k cho lần sau nên thích ghê luôn. Rất là ưng cách phục vụ. . Sẽ ủng hộ shop dài dài nữa nha. Cảm ơn Shop  ạ. . ________________________________________________________"
2,Áo khá đẹp. Với giá này là quá ok rồi mn ạ. Shop nhiệt tình lắm luôn. Sau này sẽ ủng hộ shop tiếp😊
1,Áo đẹp mát tuy dáng ko hợp free size nhưng áo cũng chất lượng cho 5sao
2,Áo đẹp hơn so với tưởng tượng nhiều. Sẽ ủng hộ shop lần sau
1,"Hàng về hơi lâu , giao thiếu 1 áo nhưng đã giải quyết ổn, tuy nhiên tin nhắn trả lời chậm"
2,"Shop giao hàng siêu nhanh á !!!. . Đầu tiên mình thấy form áo mặc rộng thoải mái, chất áo thì mịn, mặc mát. Giá thành của áo thì  siêu rẻ, săn sale còn chưa đến 50k nữa. Rất đáng để mua nha. . Cảm ơn shop rất nhiều nhaaaaaaaa. . ____________________________. ................................................"
2,Áo siu siu siu siu đẹp lun. Đã mua nhiều áo của shop mẫu nào cũng ưng. Siêu thích áo của shop chỉ muốn mua hết các mẫu về mặc Shop thì rất thân thiện còn gửi kèm cả tờ giấy hướng dẫn siêu đáng yêu. Chắc chắn sẽ ủng hộ shop tiếp.. . Quan trọng nhất là shop phục vụ cực kì tốt. >>>>>>>>>>>>>>.............
0,Giao hàng lâu vải hơi mỏng mà form áo 
2,"Cảm ơn shop rất nhiều mình nhận dc hàng rồi. . Mình mua lần này là lần 3 ở Shop rồi, áo chất đẹp khỏi chê giá thì siêu rẻ săn sale còn chưa đến 50k, mua luôn cả mấy chiếc, Form áo rộng mặc thoải mái. . . Sẽ ủng hộ shop dài dài ạ  !!!!!!!!!!!!!!"
2,Hàng đẹp lắm shopppp. Giao hàng nhanhhhh. Tư vấn nhiệt tìnhhhh
2,Áo đẹp rất đáng tiền / hình ảnh +video chỉ mang tính chất nhận xu
1,áo đẹp rộng thoải mái nhưng hơi nóng hihihihihihihihhihihihi
2,"Áo mặc rất mát, thoải mái vận động, nếu có tiền thì mình còn mua thêm nhiều áo kiểu này nữa"
2,Áo quá rẻ mà đẹp cực luôn. . Mua đang dc sale còn chưa đến 50k mà mua dc áo như thế này thì đúng là ko còn gì để nói luôn. . . Cảm ơn shop rất nhiều !!!!!!!!!!!!!!!!!!!!!!!!!!!!!!!!!
2,"Giao hàng nhanh,đặt hôm nay ngày mai đã có,Chất của vải rất ok vừa dặn ,mặc mát. Đường may tương đối đều và đẹp, hầu như không có chỉ thừa, Mình 1m52 nặng 42kg mặc khá rộng,nhưng ko sao mình rất thích rộng :3.Không ngờ hàng rẻ mà còn chất lượng,rcm nên mua nha.Áo ở ngoài xinh hơn trong hình.Sẽ ủng h"
1,Vãi hk đc dày như hình . Hình in chưa đẹp lắm . Đáng đồng tiền 🤫🤫🤫🤫🤫
2,Áo đẹp khỏi bàn nha mn chất tốt lắm co giãn vs giặt khum s đâu. Ảnh vs video mang tc nhận xu
2,"Cảm ơn Shop mình nhận dc áo rồi,. . Áo siêu ưng luôn dáng Unisex tay lỡ form rộng, mặc tây cực kỳ. Mua dc giá sale còn có chưa đến 50k mà mua dc áo đẹp như thế này thì tuyệt luôn. Shop còn có cả thư cảm ơn trong gói hàng, rất thích cách phục vụ của shop. . Sẽ ủng hộ thêm ạ. . Cảm ơn shop nhaaaaaaaaaaaaaaa"
2,Hình ảnh chỉ mang tính chất nhận xu. Áo đẹp vãi cx ok. Giáo hàng nhanh nx chứ. Ah shipper dễ thương. Lần sau sẽ ủng hộ típ
1,"Áo như hình nhưng chất xấu, mỏng, rẻ hợp giá tiền, shop phục vụ khá tốt"
2,nhận hàng rất vừa ý ạ sẽ ủng hộ thêm ạ 😍😍😍😍😍😍😍😍😍😍😍😍😍😍😍😍😍😍😍😍😍😍😍🥰🥰🥰😍🥰😍😍
2,"Áo giá rẻ mà chất lượng nha mn ,túi zip hịn đáng tiền ủng hộ shop dài 👏😍"
1,"Giao hàng hơi lâu xíu, áo đẹp lắm ạ, đóng gói cẩn thận, vải hơi mỏng k được như trong hình"
1,Hình ảnh và video không liên quan nhưng áo đẹp oke mùi hơi khó chịu nhưng mặc lên rất oke nên mua nhé mọi người
2,Áo hợp lý với giá tiền tình in đẹp ờm nói chung là ok hợ lý đáng mua
2,áo tốt em chỉ kiếm su nhé
2,"Đỉnh thực sự luôn. . Kết nhất dáng áo rộng, mặc cực kỳ thoải mái, giá rẻ quá, chưa đến cả 50k, chất áo mịn mặc khác mát. Rất đáng mua nha mọi người. ____________________. . ____________________. . Cảm ơn shop nhiều nha !!!!!!!!!!!!!!!!!!!!!!!!!!!!!!!!!!!!!!!!!!!!!!!!!!!!!!!!!!!!!!!!!!!!!!!!!!.............."
2,Chất lượng áo tốt mặc lên mát mình rất thích áo này giặt ko bị bong sơn nói chung là ưng ý rất ưng ý lêu lêu lêu lêu lêu lêu
2,"Vừa khui hàng xong là Feeback liền đây nè .. . Em bất ngờ cực kỳ, áo rẻ mà đẹp quá, ko nghĩ áo có 50k mà đẹp vậy luôn, chất vải mặc mát, mặc mùa hè siêu ưng, Shop gói hàng rất cẩn thận, đóng 2 lần túi.. . Shop uy tín, nên mua. Cảm ơn shop ạ. ...........................................................,,,,"
2,Hàng rất thích những người bảo thủ và không thể thiếu trong cuộc sống của mình là người lớn tuổi hơn mình thì mình cũng nên
2,"Áo đẹp lắm nha shoppppppppppppp. . Áo tay lỡ form rộng cực kỳ. Giá siêu rẻ săn sale dc 49k thui, còn dc miễn ship nữa, quá đỉh . . luôn. Ảnh chụp hơi vội nha. Shop uy tínnnnn. _______________________. _______________________. . _______________________. _______________________. . _______________________"
2,"Vải mịn, mặc mát nha. Áo tay lỡ mặc thoải mái. . Shop rất là nhiệu tình, có cả thư cảm ơn và có cả mã giảm giá 30k cho đơn tiếp theo. . . Rất là hài lòng luôn sẽ ủng hộ shop lâu dài ạ . . Áo đẹpppppp. . ----------------------------------------------------------. . _____________________________________________"
2,Áo siu siu siu siu đẹp lun. Đã mua nhiều áo của shop mẫu nào cũng ưng. Siêu thích áo của shop chỉ muốn mua hết các mẫu về mặc Shop thì rất thân thiện còn gửi kèm cả tờ giấy hướng dẫn siêu đáng yêu. Chắc chắn sẽ ủng hộ shop tiếp.. . >>>>>>>>>>>>>>>>>>>>>>>>. >>>>>>>>>>>>>>>>>>>>>>>>. . >>>>>>>>>>>>>>>>>>>
2,Hàng đẹp áo chất xinh lắm ạ shiper cute nhiệt tình yêu shop ghé shop nhiều ạ
2,Cùng khu nên giao hàng siêu nhanh. Ưng ý. Chất ưng. Form ưng. 5 sao. Nên mua. Sau sẽ ủng hộ tiếp ạ. . Thank Shopppppppppppppppppppppppppppppppppp. . ----------------------------------------------------------------------------------------------------------------------------------------------------------------
1,"Áo vải tốt, nhưng rất nhỏ so với mong đợi, bn nào m65 muốn mặc thoải mái thì nên cân nhắc"
2,"Chất áo khá đẹp, Form áo rộng mặc thoải mái nha. Nói chung là giá thành thế này là quá rẻ rồi, áo rất đẹp so với giá nha chị em, em làm luôn 3c về mặc thay đổi, mùa hè rồi mà. . . Sẽ ủng hộ thêm shop mình sau nha. . . Cảm ơn Shop nhiều nha ........................!!!!!!!!!!!!!!!!!!!!!!!!!!!!!!!!!!!!!!!!"
1,"Đồ đẹp lắm mn nên mua nhưng mỗi tội là hơi ngắn, vải CX ko ưng cho lắm"
2,"Chất vải mặc mát lắm nha, Form áo đẹp, thích nhất cái dáng áo rộng. Mãi mới tìm dc cái Shop áo giá cả hợp lý, rẻ mà chất lượng lại ok thế này. Cảm ơn Shop nhiều nha. . Thank youuuuuuuuuuuuuuuuu. __________________________. __________________________. __________________________. ___________________________"
2,"Giá rẻ, Áo cũng khá ok ạ!!!!!🥰🥰 hình ảnh nhận xu thui nha mn thông cảm ạ."
2,"Vảii mịn, mặc mát nha. Áo tay lỡ mặc thoải mái.. . Shop rất là nhiệu tình, có cả thư cảm ơn và có cả mã giảm giá 30k cho đơn tiếp theo. . . Rất là hài lòng luôn sẽ ủng hộ shop lâu dài ạ . . . Áo đẹppppppppppppppppppppppppppppppppppppppppppppppppppppppppppp"
2,"Áo trắng chất dày dặn nhé. Cầm nặng chắc tay ,ít chỉ thừa . Đường may đẹp, hình in rất chắc chắn. Lưu ý các bạn nên xem tờ shop gửi để giặt đồ nhé tránh bong chóc . . Thank Shop nhaaaaaaaaaaaaaaaaaaaaaaaaa. . ________________________________________________________________________________________________"
2,Áo đẹp.đang dịch mà shop vẫn giao hàng nhanh. Sẽ ủng hộ shop...
1,Áo khá đẹp .nhưng from áo hơi nhỏ shop đề dài 72cm nhưng e đo chỉ đc tầm 67cm. E mặc hơi chật. Mặc lên ng hơi nóng. Áo đúg hình . Đặt hôm trc hôm sau là có ròi
2,Trước mình mua shop khác rẻ hơn 10k mà chất xấu kinh khủng.  mua của shop đắt hơn chút xíu mà chất quá đẹp luôn. đáng đồng tiền sẽ ủng hộ shop nữa nha
2,Phông nhà tui sẵn hàng chất đẹp hơn giá tiền gấp mấy lần luôn ạ. giá sale: #45k
2,"sHop giao hàng đầy đủ... A shiper cx thân thiện nx, mình thấy mn review tốt nên mua và thấy sp cx đẹp..chưa mặc thử nên cx kh bt sao mà chất thấy cx đc"
2,"Quá ưng luôn.đóng gói cẩn thận.Giao hàng nhanh Chất vải 👌 hơn cả mong đợi 😍.  chất áo dày dặn rất đáng mua , với giá tiền vậy thì áo quá sịn luôn,sẽ ủng hộ shop tiếp"
0,"Áo mỏng kinh khủng chất xấu,ko hiểu sao thấy mọi người cmt chất đẹp nên mua thử ai ngờ mua về như rẻ rách"
1,Úi sp đẹp lắm mặc vô có vẻ ok nhưng với bguwoif da đen như mình mặc vô dìm da vclon
2,Áo đẹp cực kỳ ý . Ưng ý. Chất ưng. Form ưng. 5 sao. Nên mua. Sau sẽ ủng hộ tiếp ạ. . Thank Shopppppppppppppppppppppppppppppppppp. . ---------------------------------------------------------------------------------------------------------------------------------------------------------------------------------
1,Áo đẹp shop đóng gói cản thận vải hơi mỏng 1 chút phần cổ áo mặc lên k đúng form lắm nói chung với giá này vẫn nên mua nha mng
1,Hình ảnh và video mang tc nhận xu. Vải có vẻ hơi nóng. Đẹppppppppp
1,"Hành giao nhanh , vải mát mịn hình in hơi nhạt nhưng ổn , vải hơi mỏng nhưng đc ok , đóng gói đẹp nói chung là tuyệt vời"
2,Hàng gioongd hình . Chất vải ok . Hình ảnh mang tính chất nhận xu. Ủng hộ shop
1,Áo shop rất đẹp giao hàng rất nhanh vải mình thấy hơi mỏng nhưng rất đáng tiền
2,Áo chất vải đẹp nhaaa. Rất ổn đấy. Mình cao m53 47kg mặc thoải mái❤️❤️❤️❤️❤️❤️
1,"Shop giao hàng nhanh, đặt hôm trước hôm sau có rồi. Áo có ít chỉ thừa vải sờ ổn. Nói chung là tiền nào của nấy nên vẫn cho 5* 👍👍"
2,"Áo đẹp lắm luôn, giao hàng nhanh, shop tư vấn nhiệt tình, vải cũng rất dày đẹp còn có thư cảm ơn nữa  sẽ ủng hộ shop tiếp ạ"
2,"áo đỉnh lắm ý, shop nói chuyện cũng dễ thương nữa, giá rẻ mà k ngờ lại ưng cực kì, đặt 2 áo cả 2 đều xinh, áo đen hơi nhỏ so với áo trang nhưng mình tầm 1m6 vẫn chùm qua mông nhiều, mặc lên đẹp, ncl oke sẽ ủng hộ tiếp"
2,"sHop giao hàng đầy đủ... A shiper cx thân thiện nx, mình thấy mn review tốt nên mua và thấy sp cx đẹp..chưa mặc thử nên cx kh bt sao mà chất thấy cx đc"
2,Chất đẹp ok chưa mặc thử nên k biết dài rộng ntn. Giao hàng nhanh
1,Áo rẻ giao hàng nhanh nhưng áo hơi mỏng hình in cx ko đậm như hình nói chung vs giá này thì nên mua ạ
0,Khoq giống trong hình vải mỏng hơi thất vọng tý nma tiền nào của đấy :)))
1,"Áo đẹp, chất hơi nóng, phù hợp giá tiền, shop đóng gói cẩn thận"
1,Có có một vàu chỗ dơ í ạ shop nên cẩn thận nhé . Được tặng mã giảm giá vui quá ship hơi lâuu
2,"Form áo đẹp lắm ạ, shop tặng thêm voucher giảm 30k cho đơn hàng tiếp theo nữa, đóng gói đẹp và chắc, chất vải có trên video của mình r. Mình thấy ổn lắm mn mua ủng hộ shop nha!"
2,Tiền nào của đấy thôi mọi người ạ . Mặc nhà cho mát thì được nhaaa mọi người . Hình ảnh mang tinh chất nhận xu ạ :v
2,"Lần đầu mua ở shop cảm thấy shop chu đáo, nhiệt tình. Sp đc gói cẩn thận, giao hàng lại nhanh. Hàng chất lượng sẽ tiếp tục ủng hộ shop"
0,Vải quá mỏng mình thật sự rất thất vọng áo không rộng và hình in cũng mờ nói chung không có gì và hàng giao chậm
2,Áo oke. Đẹp. Giá đi đôi chất lượng. Free style thì đẹp. Ai muốn mặc chuẩn form thì k nên mua. :)))))
1,In chữ khá mờ. Còn lại chất lượng. Hdhdhdhdhdhjdjdnndncbbcncncnxc
2,Bình nước siu đáng mua luôn nhaaa . Tiền nào của nấy ạ. So sánh với cái bình 80k thấy khác biệt lun 🥰🥰🥰🥰🥰🥰🥰🥰🥰🥰🥰🥰🥰🥰🥰🥰🥰🥰🥰🥰🥰
2,"Bình khá to , siêu đẹp , nhận dc và dùng luôn, từ lúc dùng đến giờ là 3h rồi nước vẫn nóng lắm luôn , rất ưng"
2,"giao đã nhanh, hàng lại còn đẹp với đúng mẫu, chăc chắn phải cho 5 sao rồi kk"
2,"Thật sự là quá ưng luôn á, mê luôn. Nhìn sang mà đẹp nữa, cực đáng mua luôn á, chưa thử giữ nhiệt nên chưa biết, nhưng rất chắc chắn luôn á"
2,"Giao hàng nhanh, đóng gói cẩn thận, chắc chắn. Cầm chắc tay. Nên muaaaaaa"
2,Giao hàng nhanh lắm ạ dù đang dịch bệnh. Sản phẩm chất lượnggg
2,Hình ảnh mang tính chất nhận xú
2,Sản phẩm ok hình ảnh mang tính chất nhận xu.. . Sản phẩm ok hình ảnh mang tính chất nhận xu hehe
2,"Hàng đóng gói cẩn thận , chắc chắn , giá rẻ nhưng chất lượng k hề rẻ chút nào , máy chạy rất ok luôn . Mọi người nên mua nha"
2,sp ok ok ok ok ok ok ok kk ok ok   zzzzzzzzzzzzzzzzzzzzzzzzzzzzz
2,Ok chưa dùng thử nên chưa biết chất lượng con hàng giao thì nhiệt tình
2,"Hình ảnh mang tính chất nhận xu, đã mua loại máy xay này đến lần thứ 5, mua hộ cho hàng xóm, máy dùng ok"
2,Sản phẩm giống như hình chất lượng ok ạ đóng gói cẩn thận shipper thân thiện
2,"Mua lần thứ n ở shop, một lần mình mua 2,3 máy lận, vì dùng rất ok luôn"
2,1000000990990000000000000000000000000 điểm 
2,Máy say giống như mô tả đẹp chắc chắn phù hợp với giá tiền ổn giao hàng nhanh
2,"Đã nhận đc hàng kb sử dụng sẽ thế nào, đóng gói cẩn thận đủ phụ kiện"
1,"Shop cbj hàng hơi lâu ,giao nhanh ,mong rằng dùng đc bền"
2,"Shop đóng gói hàng cẩn thận, sản phẩm dùng ok ạ. Hình ảnh chỉ mang tính chất nhận xu."
2,Shop giao hàng nhanh. Chưa sử dụng nên chưa biết thế nào. Cầm khá chắc chắn
2,Máy sd khá ok nên mua nhé mn 🤭🤭🤭🤭🤭🤭🤭🤭🤭🤭🤭🤭🤭🤭🤭🤭🤭🤭🤭🤭🤭🤭🤭🤭🤭🤭🤭🤭🤭
2,"Sản phẩm oke , gói hàng cẩn thận , đáng tiền. Hình ảnh và video chỉ mang tính chất nhận xu"
2,"Đã nhận được hàng, hàng nhìn có vẻ ok chưa sử dụng nên chưa biết thế nào"
1,Hình ảnh chỉ mang tính nhận xu.máy xay tốt.shop đóng hàng sơ sài.cối xay bị bóp méo.hơi buồn xíu
1,Sản phẩm ok sài 5 phút thấy hơi bị nóng và rớt bụi than trong motor ra ! Nhìn chung ổn so với giá
2,"Chất lượng tốt, sẽ ủng hộ shop dài hình ảnh và video chỉ mang tính chất nhận xu"
1,"Video klq , đặt 2 giao thiếu 1c nhưng sh đã ck trả tiền nên cũng ok 😊😊😊😊😊"
2,"Giao hàng nhanh ,máy chạy lần đầu thấy ok ,shop phục vụ nhiệt tình sẽ mua lại lần sau"
2,Sản phẩm chất lượng. Video và hình ảnh mang tính chất nhận xu..
2,Hàbg ok nhá say nhiễm lắm. Mà máy chạy mạnh quá xuất sắc luôn. 10đ
2,"Shop giao hàng siêu nhanh, máy dùng ổn áp, mọi người nên mua nhaaaa"
2,"Máy xay ổn áp, vừa tiền, m chưa said nhưng cầm khá chắc tay nha, k quá ọp ẹp. nên mua"
2,"Chất lượng tuyệt vời mn nên mua nha, giao hàng khá nhanh cho shop 5* "
2,"Chất lượng phù hợp với giá tiền, mua ok nhé!  Mình đã mua 1 lần thấy dùng dc ạ!"
1,Ngon bổ rẻ xay ok mỗi tội tiếng nghe hơi to nhưng tiền ít thì thế là ổn rồi
2,Sản phẩm đúng y hình ko trầy xước bọc hàng rất cẩn thận . mủngình sẽ mua hộ shop nhiều 👍👌👍👌👌👌👌😆😆😆 ooi
2,Hình ảnh k lq nhưng máy dùng thích lắm ạ. Cảm ơn shop nhiều nhé hhhh
2,Mua 4 máy cho ace trong nhà. Chưa có dịp sử dụng tới nhiều. Giá cả okie
2,"Máy xay ok , đẹp, chắc chắn. Xay khoẻ. Đóng gói đẹp. Abc anc acb"
2,Đóng gói cẩn thận. Chuea dùng nên mình chưa nhận xét về sản phẩm..
2,"Hình ảnh chỉ mang tính chất nhận xu,hàng tốt với lại rẻ nên cũng không đòi hỏi gì nhiều......trúng đợt sale nên rẻ nha mọi người"
2,"Giao hàng nhanh, đóng gói hàng cẩn thận đẹp. Nhân viên giao hàng nhiệt tình, phục vụ tốt. Sản phẩm chất lượng, ok"
2,Giao hàng nhanh đóng gói chắc chắn chưa sd nên ch biết mogn là bền
1,Ngon máy say tốt rấtvok ngon lắm luôn bhag em hahaa ns chung quá ổn luôn á. Ngon quá ngon
2,"giao hàng nhanh, máy cầm nặng tay, máy xay êm, lưỡi dao hơi mỏng chưa xay thử nên k biết xay nhuyễn đến mức nào, nên mua ủng hộ nha"
2,"Giao hàng nhanh, đầy đủ. Máy dùng tốt, cần dùng thêm một tg xem sao"
2,"máy say rất tốt nha , tốc độ quay của motor cao , lưỡi dao bén , xay rất nhuyển luôn , khuyên ace đừng xay nhiều lần máy sẽ nóng và motor ko quay được , khi xay phải có khoảng nghỉ tạm thời cho máy để máy dùng đc lâu hơn"
1,"Máy tốt, vỏ inox mỏng nhẹ, hợp với giá tiền. . Giao hàng quá lâu, mong shop lưu ý đvvc vì thùng hàng quá móp méo. Nhận hàng sợ bị hỏng lười đổi trả may mà máy k sao....."
2,Giao hàng nhanh.sản phẩm y hình.đóng gói chắc chắn.mới đặt tối hôm kia hôm nay đã nhận đc hàng rồi ạ.nên mua nha mn 
2,Máy ok lắm nha mọi người với giá này thì quá ok ròi ( ảnh chỉ mang tchat nhận xu )
2,Mình đã say thử thấy khá ok nen mua. 
2,"Shop nhiệt tình, hàng chất lượng và đẹp, rất đáng tiền bỏ ra"
0,Máy say về lần đầu mình thử say cua không được. Lần 2 mình thái thịt miếng nhỏ ra r say. Ấn một lúc r ngừng r ấn. Được tầm 1 phút là máy ngắt bốc khói tùm lum. Ngắt không dùng lại được nữa
2,"Sản phẩm nhẹ, nho nhỏ dể dùng. Xay thịt cỡ 2 phút là nhuyễn luôn... đấy là mình xay thịt nạc có cả mỡ, da và hành tây. Máy chạy khá là êm, mạnh. Có mỗi tội là nó dể nóng ở cái đầu motor xoay ấy nhưng cũng không đáng kể, shop giao thiếu 1 cái bao bọc lưỡi dao nhưng ko sao... bù lại mọi thứ ok..."
2,sp tốt nênn mua cho em xin với ạ bị tớ một thùng nhé vì c ko mang đt lúc nào về v à k co lon roi do tai nạn giao thông làm cả phần tự luận nữa à cô cho em bao h mày chêu đc tao đâu mày lại buồn ị buồn ngủ buồn tè le êm ái và hp bên gia đình mẹ cha cha cha cha cha
1,"Sản phẩm oki đế nhẹ nhưng sử dụng okiiii , đóng gói sơ sài ,máy xay êm. Cho shop 4 sao vì đóng gói sơ xài"
2,Shop giao hàng nhanh. Chưa thử k biết có dùng lâu dài k cho shop 5* nhed tks bcjdjjdjdjd
2,"Máy xay rất ok, giao hàng nhanh shipper thân thiện nữa 😅hình ảnh mang tính chất minh hoạ 😆😆"
2,Chất lượng sản phẩm tuyệt vời. Đóng gói sản phẩm rất đẹp và chắc chắn
2,Giao hàng nhanh phụ kiện đầy đủ độ ben cần thời gian
2,Mưa gió mà hàng hoá ngập nhà nên e lại đi gửi bớt cho đỡ chật . . . Khẩu trang #KF94 AN TÂM siêu vip chuẩn công ty hàng 4 lớp xuất hàn. . Loại này ai dùng rồi cũng khen ạ . . Giá #67k/sét 5 gói(50c). #329k/ thùng (30 gói)/mỗi gói 10 chiếc(thùng 300 chiếc). . Giá tại công ty lên sát giá e bán luôn rồi nhưng
2,"Ưng cái máy xay thịt này nhất, chưa biết có bền hay không. . Tiếng xay không quá ồn, có 2 chế độ xay, lưỡi dao được bảo vệ tốt. . Cảm ơn shop."
2,Thấy xay rất ok mà k biết có bền không đóng góichacws chắn . Lừowif chụp ảnh ;((
1,"Giao hàng Nhanh, zoong hơi cong mép, lưỡi dao hoi mỏng.    ☪"
2,Ổn áp xang xịn mịn kh biết bền kh cái mã thì ổn áp r đấy mọi người quý vị ạ 
2,"Chưa dùng nhưng cắm điện thử thì moto đã hoạt động, sẽ nhận xét thêm khi trải nghiệm"
2,"May xịn xò rất đáng tiền ạ. Chưa dùng nhưng thấy chắc chắn, đúng mẫu và an toàn. Hi vọng không hư hỏng gì. Gửi cũng rất nhanh"
2,"Sp tốt, giá rẻ, lưỡi dao khá sắc 🔪🔪🔪🔪🔪🔪🔪🔪🔪🔪🔪🔪🔪🔪🔪🔪🔪🔪🔪🔪🔪🔪🔪🔪🔪🔪"
2,"De su dung, shop gởi hàng nhanh , gói hàng cẩn thận 5 sao okkkkkkk"
2,"Hình ảnh không liên quan cho lắm nhưng mà máy say mua chất lượg lắm ạ, đáng tiền mua , show còn bọc 2 lớp rất ưng ý"
1,Giao hàng nhanh. Bọc hàng xơ xài. Đầy đủ phụ kiện. Mới thì thấy ổn. Chưa dùng nên chưa biết
2,"hình ảnh hong liên quan nhớ, máy khá ok, mạnh nhưng mà hong nhỏ lắm hic"
1,Đặt hàng hộ c gái nên k biết có tốt k còn chưa say thử c gái chưa lấy máy.1 cái mở ra hơi bị xước kiểu cũ cũ nhưng k muốn hoàn hàng mong là say tốt.
1,Máy chạy mạnh nhưng lúc bỏ đồ ăn vào xay 1 lúc thì nóng máy .đứng luôn.xay đc 1 lần rồi k xay đc nữa.tiền nào của đó.lười trả máy h lấy cối đựng đồ thôi
0,Mua 2 máy. Dùng luôn thì ms đk 1 lúc đã nóng xong đợi 10’ bật lại thì máy k chạy nữa. Cả 2 máy 😢
2,Giao hàng nhanh. Máy dùng ok. Dnndnđnndndndndndndndndnxnxndndndndnđndn
1,"Máy mạnh chạy tốt mà gì mk thấy vậy mua thịt về xay làm riêu, mà chơi hẳn nữa kí thịt xay một lần luôn nên máy nó k chạy được nữa đành đem đi sửa"
1,":v máy rẻ , do dịch nên giao hơi chậm tí nhưng không sao, về chất lượng thì dùng lâu mới biết được"
2,"Sp okie nhá, chưa SD nên chưa pit xài bền ko,6yyyyyyyyyyuuuuuu"
1,"Máy cứng cáp , đóng gói hàng ok tuy nhiên giao hàng quá lâu chắc do ảnh hưởng dịch"
2,"hình ảnh mang tính chất minh hoạ. Máy xay too, mẹ mình khen xay rất thích, nhanh, 4 lưỡi ah. okeee"
2,hang dep chat luong tot lan sau ung ho shop tiep 
1,"Do dịch nên giao hàng hơi lâu, nhưng sp thì chất lượng đáng tiền mua. ( ảnh chỉ mang tính chất nhận xu)"
2,Chất lượng sản phẩm tuyệt vời đóng gói hành tốt giao hàng nhanh . Sẽ ung họ shop
2,Máy say tốt thật sự nha mn. Mình đem ra say thấy ổn cực nha. Mn nên mua đó
